テーブルキー,ビュー名(テーブル名),元ファイル名,カラム名,データ型,NULL許容しない,主キー
tbl_1_1,基本情報_組織情報,1-1_RS_2024_基本情報_組織情報.zip,シート種別,VARCHAR,False,False
tbl_1_1,基本情報_組織情報,1-1_RS_2024_基本情報_組織情報.zip,事業年度,BIGINT,False,False
tbl_1_1,基本情報_組織情報,1-1_RS_2024_基本情報_組織情報.zip,予算事業ID,BIGINT,False,False
tbl_1_1,基本情報_組織情報,1-1_RS_2024_基本情報_組織情報.zip,事業名,VARCHAR,False,False
tbl_1_1,基本情報_組織情報,1-1_RS_2024_基本情報_組織情報.zip,建制順,BIGINT,False,False
tbl_1_1,基本情報_組織情報,1-1_RS_2024_基本情報_組織情報.zip,所管府省庁,VARCHAR,False,False
tbl_1_1,基本情報_組織情報,1-1_RS_2024_基本情報_組織情報.zip,府省庁,VARCHAR,False,False
tbl_1_1,基本情報_組織情報,1-1_RS_2024_基本情報_組織情報.zip,局・庁,VARCHAR,False,False
tbl_1_1,基本情報_組織情報,1-1_RS_2024_基本情報_組織情報.zip,部,VARCHAR,False,False
tbl_1_1,基本情報_組織情報,1-1_RS_2024_基本情報_組織情報.zip,課,VARCHAR,False,False
tbl_1_1,基本情報_組織情報,1-1_RS_2024_基本情報_組織情報.zip,室,VARCHAR,False,False
tbl_1_1,基本情報_組織情報,1-1_RS_2024_基本情報_組織情報.zip,班,VARCHAR,False,False
tbl_1_1,基本情報_組織情報,1-1_RS_2024_基本情報_組織情報.zip,係,VARCHAR,False,False
tbl_1_1,基本情報_組織情報,1-1_RS_2024_基本情報_組織情報.zip,その他担当組織_作成責任者_no,BIGINT,False,False
tbl_1_1,基本情報_組織情報,1-1_RS_2024_基本情報_組織情報.zip,府省庁（その他担当組織）,VARCHAR,False,False
tbl_1_1,基本情報_組織情報,1-1_RS_2024_基本情報_組織情報.zip,局・庁（その他担当組織）,VARCHAR,False,False
tbl_1_1,基本情報_組織情報,1-1_RS_2024_基本情報_組織情報.zip,部（その他担当組織）,VARCHAR,False,False
tbl_1_1,基本情報_組織情報,1-1_RS_2024_基本情報_組織情報.zip,課（その他担当組織）,VARCHAR,False,False
tbl_1_1,基本情報_組織情報,1-1_RS_2024_基本情報_組織情報.zip,室（その他担当組織）,VARCHAR,False,False
tbl_1_1,基本情報_組織情報,1-1_RS_2024_基本情報_組織情報.zip,班（その他担当組織）,VARCHAR,False,False
tbl_1_1,基本情報_組織情報,1-1_RS_2024_基本情報_組織情報.zip,係（その他担当組織）,VARCHAR,False,False
tbl_1_1,基本情報_組織情報,1-1_RS_2024_基本情報_組織情報.zip,作成責任者,VARCHAR,False,False
tbl_1_2,基本情報_事業概要等,1-2_RS_2024_基本情報_事業概要等.zip,シート種別,VARCHAR,False,False
tbl_1_2,基本情報_事業概要等,1-2_RS_2024_基本情報_事業概要等.zip,事業年度,BIGINT,False,False
tbl_1_2,基本情報_事業概要等,1-2_RS_2024_基本情報_事業概要等.zip,予算事業ID,BIGINT,False,False
tbl_1_2,基本情報_事業概要等,1-2_RS_2024_基本情報_事業概要等.zip,事業名,VARCHAR,False,False
tbl_1_2,基本情報_事業概要等,1-2_RS_2024_基本情報_事業概要等.zip,府省庁の建制順,BIGINT,False,False
tbl_1_2,基本情報_事業概要等,1-2_RS_2024_基本情報_事業概要等.zip,政策所管府省庁,VARCHAR,False,False
tbl_1_2,基本情報_事業概要等,1-2_RS_2024_基本情報_事業概要等.zip,府省庁,VARCHAR,False,False
tbl_1_2,基本情報_事業概要等,1-2_RS_2024_基本情報_事業概要等.zip,局・庁,VARCHAR,False,False
tbl_1_2,基本情報_事業概要等,1-2_RS_2024_基本情報_事業概要等.zip,部,VARCHAR,False,False
tbl_1_2,基本情報_事業概要等,1-2_RS_2024_基本情報_事業概要等.zip,課,VARCHAR,False,False
tbl_1_2,基本情報_事業概要等,1-2_RS_2024_基本情報_事業概要等.zip,室,VARCHAR,False,False
tbl_1_2,基本情報_事業概要等,1-2_RS_2024_基本情報_事業概要等.zip,班,VARCHAR,False,False
tbl_1_2,基本情報_事業概要等,1-2_RS_2024_基本情報_事業概要等.zip,係,VARCHAR,False,False
tbl_1_2,基本情報_事業概要等,1-2_RS_2024_基本情報_事業概要等.zip,事業の目的,VARCHAR,False,False
tbl_1_2,基本情報_事業概要等,1-2_RS_2024_基本情報_事業概要等.zip,現状・課題,VARCHAR,False,False
tbl_1_2,基本情報_事業概要等,1-2_RS_2024_基本情報_事業概要等.zip,事業の概要,VARCHAR,False,False
tbl_1_2,基本情報_事業概要等,1-2_RS_2024_基本情報_事業概要等.zip,事業概要URL,VARCHAR,False,False
tbl_1_2,基本情報_事業概要等,1-2_RS_2024_基本情報_事業概要等.zip,事業区分,VARCHAR,False,False
tbl_1_2,基本情報_事業概要等,1-2_RS_2024_基本情報_事業概要等.zip,事業開始年度,DOUBLE,False,False
tbl_1_2,基本情報_事業概要等,1-2_RS_2024_基本情報_事業概要等.zip,開始年度不明,BOOLEAN,False,False
tbl_1_2,基本情報_事業概要等,1-2_RS_2024_基本情報_事業概要等.zip,事業終了（予定）年度,DOUBLE,False,False
tbl_1_2,基本情報_事業概要等,1-2_RS_2024_基本情報_事業概要等.zip,終了予定なし,BOOLEAN,False,False
tbl_1_2,基本情報_事業概要等,1-2_RS_2024_基本情報_事業概要等.zip,主要経費,VARCHAR,False,False
tbl_1_2,基本情報_事業概要等,1-2_RS_2024_基本情報_事業概要等.zip,備考,VARCHAR,False,False
tbl_1_2,基本情報_事業概要等,1-2_RS_2024_基本情報_事業概要等.zip,実施方法ー直接実施,DOUBLE,False,False
tbl_1_2,基本情報_事業概要等,1-2_RS_2024_基本情報_事業概要等.zip,実施方法ー補助,DOUBLE,False,False
tbl_1_2,基本情報_事業概要等,1-2_RS_2024_基本情報_事業概要等.zip,実施方法ー負担,DOUBLE,False,False
tbl_1_2,基本情報_事業概要等,1-2_RS_2024_基本情報_事業概要等.zip,実施方法ー交付,DOUBLE,False,False
tbl_1_2,基本情報_事業概要等,1-2_RS_2024_基本情報_事業概要等.zip,実施方法ー分担金・拠出金,DOUBLE,False,False
tbl_1_2,基本情報_事業概要等,1-2_RS_2024_基本情報_事業概要等.zip,実施方法ーその他,DOUBLE,False,False
tbl_1_2,基本情報_事業概要等,1-2_RS_2024_基本情報_事業概要等.zip,旧事業番号,VARCHAR,False,False
tbl_1_2,基本情報_事業概要等,1-2_RS_2024_基本情報_事業概要等.zip,整理表表示順,DOUBLE,False,False
tbl_1_3,基本情報_政策・施策、法令等,1-3_RS_2024_基本情報_政策・施策、法令等.zip,シート種別,VARCHAR,False,False
tbl_1_3,基本情報_政策・施策、法令等,1-3_RS_2024_基本情報_政策・施策、法令等.zip,事業年度,BIGINT,False,False
tbl_1_3,基本情報_政策・施策、法令等,1-3_RS_2024_基本情報_政策・施策、法令等.zip,予算事業ID,BIGINT,False,False
tbl_1_3,基本情報_政策・施策、法令等,1-3_RS_2024_基本情報_政策・施策、法令等.zip,事業名,VARCHAR,False,False
tbl_1_3,基本情報_政策・施策、法令等,1-3_RS_2024_基本情報_政策・施策、法令等.zip,府省庁の建制順,BIGINT,False,False
tbl_1_3,基本情報_政策・施策、法令等,1-3_RS_2024_基本情報_政策・施策、法令等.zip,政策所管府省庁,VARCHAR,False,False
tbl_1_3,基本情報_政策・施策、法令等,1-3_RS_2024_基本情報_政策・施策、法令等.zip,府省庁,VARCHAR,False,False
tbl_1_3,基本情報_政策・施策、法令等,1-3_RS_2024_基本情報_政策・施策、法令等.zip,局・庁,VARCHAR,False,False
tbl_1_3,基本情報_政策・施策、法令等,1-3_RS_2024_基本情報_政策・施策、法令等.zip,部,VARCHAR,False,False
tbl_1_3,基本情報_政策・施策、法令等,1-3_RS_2024_基本情報_政策・施策、法令等.zip,課,VARCHAR,False,False
tbl_1_3,基本情報_政策・施策、法令等,1-3_RS_2024_基本情報_政策・施策、法令等.zip,室,VARCHAR,False,False
tbl_1_3,基本情報_政策・施策、法令等,1-3_RS_2024_基本情報_政策・施策、法令等.zip,班,VARCHAR,False,False
tbl_1_3,基本情報_政策・施策、法令等,1-3_RS_2024_基本情報_政策・施策、法令等.zip,係,VARCHAR,False,False
tbl_1_3,基本情報_政策・施策、法令等,1-3_RS_2024_基本情報_政策・施策、法令等.zip,番号（政策・施策）,DOUBLE,False,False
tbl_1_3,基本情報_政策・施策、法令等,1-3_RS_2024_基本情報_政策・施策、法令等.zip,政策所管府省庁_P,VARCHAR,False,False
tbl_1_3,基本情報_政策・施策、法令等,1-3_RS_2024_基本情報_政策・施策、法令等.zip,政策,VARCHAR,False,False
tbl_1_3,基本情報_政策・施策、法令等,1-3_RS_2024_基本情報_政策・施策、法令等.zip,施策,VARCHAR,False,False
tbl_1_3,基本情報_政策・施策、法令等,1-3_RS_2024_基本情報_政策・施策、法令等.zip,政策・施策URL,VARCHAR,False,False
tbl_1_3,基本情報_政策・施策、法令等,1-3_RS_2024_基本情報_政策・施策、法令等.zip,番号（根拠法令）,DOUBLE,False,False
tbl_1_3,基本情報_政策・施策、法令等,1-3_RS_2024_基本情報_政策・施策、法令等.zip,法令名,VARCHAR,False,False
tbl_1_3,基本情報_政策・施策、法令等,1-3_RS_2024_基本情報_政策・施策、法令等.zip,法令番号,VARCHAR,False,False
tbl_1_3,基本情報_政策・施策、法令等,1-3_RS_2024_基本情報_政策・施策、法令等.zip,法令ID,VARCHAR,False,False
tbl_1_3,基本情報_政策・施策、法令等,1-3_RS_2024_基本情報_政策・施策、法令等.zip,条,VARCHAR,False,False
tbl_1_3,基本情報_政策・施策、法令等,1-3_RS_2024_基本情報_政策・施策、法令等.zip,項,VARCHAR,False,False
tbl_1_3,基本情報_政策・施策、法令等,1-3_RS_2024_基本情報_政策・施策、法令等.zip,号・号の細分,VARCHAR,False,False
tbl_1_3,基本情報_政策・施策、法令等,1-3_RS_2024_基本情報_政策・施策、法令等.zip,番号（関係する計画・通知等）,DOUBLE,False,False
tbl_1_3,基本情報_政策・施策、法令等,1-3_RS_2024_基本情報_政策・施策、法令等.zip,計画通知名,VARCHAR,False,False
tbl_1_3,基本情報_政策・施策、法令等,1-3_RS_2024_基本情報_政策・施策、法令等.zip,計画通知等URL,VARCHAR,False,False
tbl_1_4,基本情報_補助率等,1-4_RS_2024_基本情報_補助率等.zip,シート種別,VARCHAR,False,False
tbl_1_4,基本情報_補助率等,1-4_RS_2024_基本情報_補助率等.zip,事業年度,BIGINT,False,False
tbl_1_4,基本情報_補助率等,1-4_RS_2024_基本情報_補助率等.zip,予算事業ID,BIGINT,False,False
tbl_1_4,基本情報_補助率等,1-4_RS_2024_基本情報_補助率等.zip,事業名,VARCHAR,False,False
tbl_1_4,基本情報_補助率等,1-4_RS_2024_基本情報_補助率等.zip,府省庁の建制順,BIGINT,False,False
tbl_1_4,基本情報_補助率等,1-4_RS_2024_基本情報_補助率等.zip,政策所管府省庁,VARCHAR,False,False
tbl_1_4,基本情報_補助率等,1-4_RS_2024_基本情報_補助率等.zip,府省庁,VARCHAR,False,False
tbl_1_4,基本情報_補助率等,1-4_RS_2024_基本情報_補助率等.zip,局・庁,VARCHAR,False,False
tbl_1_4,基本情報_補助率等,1-4_RS_2024_基本情報_補助率等.zip,部,VARCHAR,False,False
tbl_1_4,基本情報_補助率等,1-4_RS_2024_基本情報_補助率等.zip,課,VARCHAR,False,False
tbl_1_4,基本情報_補助率等,1-4_RS_2024_基本情報_補助率等.zip,室,VARCHAR,False,False
tbl_1_4,基本情報_補助率等,1-4_RS_2024_基本情報_補助率等.zip,班,VARCHAR,False,False
tbl_1_4,基本情報_補助率等,1-4_RS_2024_基本情報_補助率等.zip,係,VARCHAR,False,False
tbl_1_4,基本情報_補助率等,1-4_RS_2024_基本情報_補助率等.zip,番号（補助率等）,DOUBLE,False,False
tbl_1_4,基本情報_補助率等,1-4_RS_2024_基本情報_補助率等.zip,補助対象,VARCHAR,False,False
tbl_1_4,基本情報_補助率等,1-4_RS_2024_基本情報_補助率等.zip,補助率,VARCHAR,False,False
tbl_1_4,基本情報_補助率等,1-4_RS_2024_基本情報_補助率等.zip,補助上限等,VARCHAR,False,False
tbl_1_4,基本情報_補助率等,1-4_RS_2024_基本情報_補助率等.zip,補助率URL,VARCHAR,False,False
tbl_1_5,基本情報_関連事業,1-5_RS_2024_基本情報_関連事業.zip,シート種別,VARCHAR,False,False
tbl_1_5,基本情報_関連事業,1-5_RS_2024_基本情報_関連事業.zip,事業年度,BIGINT,False,False
tbl_1_5,基本情報_関連事業,1-5_RS_2024_基本情報_関連事業.zip,予算事業ID,BIGINT,False,False
tbl_1_5,基本情報_関連事業,1-5_RS_2024_基本情報_関連事業.zip,事業名,VARCHAR,False,False
tbl_1_5,基本情報_関連事業,1-5_RS_2024_基本情報_関連事業.zip,府省庁の建制順,BIGINT,False,False
tbl_1_5,基本情報_関連事業,1-5_RS_2024_基本情報_関連事業.zip,政策所管府省庁,VARCHAR,False,False
tbl_1_5,基本情報_関連事業,1-5_RS_2024_基本情報_関連事業.zip,府省庁,VARCHAR,False,False
tbl_1_5,基本情報_関連事業,1-5_RS_2024_基本情報_関連事業.zip,局・庁,VARCHAR,False,False
tbl_1_5,基本情報_関連事業,1-5_RS_2024_基本情報_関連事業.zip,部,VARCHAR,False,False
tbl_1_5,基本情報_関連事業,1-5_RS_2024_基本情報_関連事業.zip,課,VARCHAR,False,False
tbl_1_5,基本情報_関連事業,1-5_RS_2024_基本情報_関連事業.zip,室,VARCHAR,False,False
tbl_1_5,基本情報_関連事業,1-5_RS_2024_基本情報_関連事業.zip,班,VARCHAR,False,False
tbl_1_5,基本情報_関連事業,1-5_RS_2024_基本情報_関連事業.zip,係,VARCHAR,False,False
tbl_1_5,基本情報_関連事業,1-5_RS_2024_基本情報_関連事業.zip,番号（関連事業）,DOUBLE,False,False
tbl_1_5,基本情報_関連事業,1-5_RS_2024_基本情報_関連事業.zip,関連事業の事業ID,DOUBLE,False,False
tbl_1_5,基本情報_関連事業,1-5_RS_2024_基本情報_関連事業.zip,関連事業の事業名,VARCHAR,False,False
tbl_1_5,基本情報_関連事業,1-5_RS_2024_基本情報_関連事業.zip,関連性,VARCHAR,False,False
tbl_2_1,予算・執行_サマリ,2-1_RS_2024_予算・執行_サマリ.zip,シート種別,VARCHAR,False,False
tbl_2_1,予算・執行_サマリ,2-1_RS_2024_予算・執行_サマリ.zip,事業年度,BIGINT,False,False
tbl_2_1,予算・執行_サマリ,2-1_RS_2024_予算・執行_サマリ.zip,予算事業ID,BIGINT,False,False
tbl_2_1,予算・執行_サマリ,2-1_RS_2024_予算・執行_サマリ.zip,事業名,VARCHAR,False,False
tbl_2_1,予算・執行_サマリ,2-1_RS_2024_予算・執行_サマリ.zip,府省庁の建制順,BIGINT,False,False
tbl_2_1,予算・執行_サマリ,2-1_RS_2024_予算・執行_サマリ.zip,政策所管府省庁,VARCHAR,False,False
tbl_2_1,予算・執行_サマリ,2-1_RS_2024_予算・執行_サマリ.zip,府省庁,VARCHAR,False,False
tbl_2_1,予算・執行_サマリ,2-1_RS_2024_予算・執行_サマリ.zip,局・庁,VARCHAR,False,False
tbl_2_1,予算・執行_サマリ,2-1_RS_2024_予算・執行_サマリ.zip,部,VARCHAR,False,False
tbl_2_1,予算・執行_サマリ,2-1_RS_2024_予算・執行_サマリ.zip,課,VARCHAR,False,False
tbl_2_1,予算・執行_サマリ,2-1_RS_2024_予算・執行_サマリ.zip,室,VARCHAR,False,False
tbl_2_1,予算・執行_サマリ,2-1_RS_2024_予算・執行_サマリ.zip,班,VARCHAR,False,False
tbl_2_1,予算・執行_サマリ,2-1_RS_2024_予算・執行_サマリ.zip,係,VARCHAR,False,False
tbl_2_1,予算・執行_サマリ,2-1_RS_2024_予算・執行_サマリ.zip,予算年度,BIGINT,False,False
tbl_2_1,予算・執行_サマリ,2-1_RS_2024_予算・執行_サマリ.zip,当初予算（合計）,DOUBLE,False,False
tbl_2_1,予算・執行_サマリ,2-1_RS_2024_予算・執行_サマリ.zip,補正予算（合計）,DOUBLE,False,False
tbl_2_1,予算・執行_サマリ,2-1_RS_2024_予算・執行_サマリ.zip,前年度からの繰越し（合計）,DOUBLE,False,False
tbl_2_1,予算・執行_サマリ,2-1_RS_2024_予算・執行_サマリ.zip,予備費等（合計）,DOUBLE,False,False
tbl_2_1,予算・執行_サマリ,2-1_RS_2024_予算・執行_サマリ.zip,計（歳出予算現額合計）,DOUBLE,False,False
tbl_2_1,予算・執行_サマリ,2-1_RS_2024_予算・執行_サマリ.zip,執行額（合計）,DOUBLE,False,False
tbl_2_1,予算・執行_サマリ,2-1_RS_2024_予算・執行_サマリ.zip,執行率,DOUBLE,False,False
tbl_2_1,予算・執行_サマリ,2-1_RS_2024_予算・執行_サマリ.zip,翌年度への繰越し(合計）,DOUBLE,False,False
tbl_2_1,予算・執行_サマリ,2-1_RS_2024_予算・執行_サマリ.zip,翌年度要求額（合計）,DOUBLE,False,False
tbl_2_1,予算・執行_サマリ,2-1_RS_2024_予算・執行_サマリ.zip,主な増減理由,VARCHAR,False,False
tbl_2_1,予算・執行_サマリ,2-1_RS_2024_予算・執行_サマリ.zip,その他特記事項,VARCHAR,False,False
tbl_2_1,予算・執行_サマリ,2-1_RS_2024_予算・執行_サマリ.zip,会計区分,VARCHAR,False,False
tbl_2_1,予算・執行_サマリ,2-1_RS_2024_予算・執行_サマリ.zip,会計,VARCHAR,False,False
tbl_2_1,予算・執行_サマリ,2-1_RS_2024_予算・執行_サマリ.zip,勘定,VARCHAR,False,False
tbl_2_1,予算・執行_サマリ,2-1_RS_2024_予算・執行_サマリ.zip,当初予算,DOUBLE,False,False
tbl_2_1,予算・執行_サマリ,2-1_RS_2024_予算・執行_サマリ.zip,第1次補正予算,DOUBLE,False,False
tbl_2_1,予算・執行_サマリ,2-1_RS_2024_予算・執行_サマリ.zip,第2次補正予算,DOUBLE,False,False
tbl_2_1,予算・執行_サマリ,2-1_RS_2024_予算・執行_サマリ.zip,第3次補正予算,DOUBLE,False,False
tbl_2_1,予算・執行_サマリ,2-1_RS_2024_予算・執行_サマリ.zip,第4次補正予算,DOUBLE,False,False
tbl_2_1,予算・執行_サマリ,2-1_RS_2024_予算・執行_サマリ.zip,第5次補正予算,DOUBLE,False,False
tbl_2_1,予算・執行_サマリ,2-1_RS_2024_予算・執行_サマリ.zip,前年度から繰越し,DOUBLE,False,False
tbl_2_1,予算・執行_サマリ,2-1_RS_2024_予算・執行_サマリ.zip,予備費等1,DOUBLE,False,False
tbl_2_1,予算・執行_サマリ,2-1_RS_2024_予算・執行_サマリ.zip,予備費等2,DOUBLE,False,False
tbl_2_1,予算・執行_サマリ,2-1_RS_2024_予算・執行_サマリ.zip,予備費等3,DOUBLE,False,False
tbl_2_1,予算・執行_サマリ,2-1_RS_2024_予算・執行_サマリ.zip,予備費等4,DOUBLE,False,False
tbl_2_1,予算・執行_サマリ,2-1_RS_2024_予算・執行_サマリ.zip,歳出予算現額,DOUBLE,False,False
tbl_2_1,予算・執行_サマリ,2-1_RS_2024_予算・執行_サマリ.zip,執行額,DOUBLE,False,False
tbl_2_1,予算・執行_サマリ,2-1_RS_2024_予算・執行_サマリ.zip,翌年度要求額,DOUBLE,False,False
tbl_2_1,予算・執行_サマリ,2-1_RS_2024_予算・執行_サマリ.zip,要望額,DOUBLE,False,False
tbl_2_1,予算・執行_サマリ,2-1_RS_2024_予算・執行_サマリ.zip,備考,VARCHAR,False,False
tbl_2_2,予算・執行_予算種別・歳出予算項目,2-2_RS_2024_予算・執行_予算種別・歳出予算項目.zip,シート種別,VARCHAR,False,False
tbl_2_2,予算・執行_予算種別・歳出予算項目,2-2_RS_2024_予算・執行_予算種別・歳出予算項目.zip,事業年度,BIGINT,False,False
tbl_2_2,予算・執行_予算種別・歳出予算項目,2-2_RS_2024_予算・執行_予算種別・歳出予算項目.zip,予算事業ID,BIGINT,False,False
tbl_2_2,予算・執行_予算種別・歳出予算項目,2-2_RS_2024_予算・執行_予算種別・歳出予算項目.zip,事業名,VARCHAR,False,False
tbl_2_2,予算・執行_予算種別・歳出予算項目,2-2_RS_2024_予算・執行_予算種別・歳出予算項目.zip,府省庁の建制順,BIGINT,False,False
tbl_2_2,予算・執行_予算種別・歳出予算項目,2-2_RS_2024_予算・執行_予算種別・歳出予算項目.zip,政策所管府省庁,VARCHAR,False,False
tbl_2_2,予算・執行_予算種別・歳出予算項目,2-2_RS_2024_予算・執行_予算種別・歳出予算項目.zip,府省庁,VARCHAR,False,False
tbl_2_2,予算・執行_予算種別・歳出予算項目,2-2_RS_2024_予算・執行_予算種別・歳出予算項目.zip,局・庁,VARCHAR,False,False
tbl_2_2,予算・執行_予算種別・歳出予算項目,2-2_RS_2024_予算・執行_予算種別・歳出予算項目.zip,部,VARCHAR,False,False
tbl_2_2,予算・執行_予算種別・歳出予算項目,2-2_RS_2024_予算・執行_予算種別・歳出予算項目.zip,課,VARCHAR,False,False
tbl_2_2,予算・執行_予算種別・歳出予算項目,2-2_RS_2024_予算・執行_予算種別・歳出予算項目.zip,室,VARCHAR,False,False
tbl_2_2,予算・執行_予算種別・歳出予算項目,2-2_RS_2024_予算・執行_予算種別・歳出予算項目.zip,班,VARCHAR,False,False
tbl_2_2,予算・執行_予算種別・歳出予算項目,2-2_RS_2024_予算・執行_予算種別・歳出予算項目.zip,係,VARCHAR,False,False
tbl_2_2,予算・執行_予算種別・歳出予算項目,2-2_RS_2024_予算・執行_予算種別・歳出予算項目.zip,予算年度,BIGINT,False,False
tbl_2_2,予算・執行_予算種別・歳出予算項目,2-2_RS_2024_予算・執行_予算種別・歳出予算項目.zip,会計区分,VARCHAR,False,False
tbl_2_2,予算・執行_予算種別・歳出予算項目,2-2_RS_2024_予算・執行_予算種別・歳出予算項目.zip,会計,VARCHAR,False,False
tbl_2_2,予算・執行_予算種別・歳出予算項目,2-2_RS_2024_予算・執行_予算種別・歳出予算項目.zip,勘定,VARCHAR,False,False
tbl_2_2,予算・執行_予算種別・歳出予算項目,2-2_RS_2024_予算・執行_予算種別・歳出予算項目.zip,予算種別,VARCHAR,False,False
tbl_2_2,予算・執行_予算種別・歳出予算項目,2-2_RS_2024_予算・執行_予算種別・歳出予算項目.zip,所管,VARCHAR,False,False
tbl_2_2,予算・執行_予算種別・歳出予算項目,2-2_RS_2024_予算・執行_予算種別・歳出予算項目.zip,組織・勘定,VARCHAR,False,False
tbl_2_2,予算・執行_予算種別・歳出予算項目,2-2_RS_2024_予算・執行_予算種別・歳出予算項目.zip,項,VARCHAR,False,False
tbl_2_2,予算・執行_予算種別・歳出予算項目,2-2_RS_2024_予算・執行_予算種別・歳出予算項目.zip,目,VARCHAR,False,False
tbl_2_2,予算・執行_予算種別・歳出予算項目,2-2_RS_2024_予算・執行_予算種別・歳出予算項目.zip,歳出予算項目の補足情報,VARCHAR,False,False
tbl_2_2,予算・執行_予算種別・歳出予算項目,2-2_RS_2024_予算・執行_予算種別・歳出予算項目.zip,予算額（歳出予算項目ごと）,DOUBLE,False,False
tbl_2_2,予算・執行_予算種別・歳出予算項目,2-2_RS_2024_予算・執行_予算種別・歳出予算項目.zip,翌年度要求額（歳出予算項目ごと）,DOUBLE,False,False
tbl_2_2,予算・執行_予算種別・歳出予算項目,2-2_RS_2024_予算・執行_予算種別・歳出予算項目.zip,備考（歳出予算項目ごと）,VARCHAR,False,False
tbl_3_1,効果発現経路_目標・実績,3-1_RS_2024_効果発現経路_目標・実績.zip,シート種別,VARCHAR,False,False
tbl_3_1,効果発現経路_目標・実績,3-1_RS_2024_効果発現経路_目標・実績.zip,事業年度,BIGINT,False,False
tbl_3_1,効果発現経路_目標・実績,3-1_RS_2024_効果発現経路_目標・実績.zip,予算事業ID,BIGINT,False,False
tbl_3_1,効果発現経路_目標・実績,3-1_RS_2024_効果発現経路_目標・実績.zip,事業名,VARCHAR,False,False
tbl_3_1,効果発現経路_目標・実績,3-1_RS_2024_効果発現経路_目標・実績.zip,府省庁の建制順,BIGINT,False,False
tbl_3_1,効果発現経路_目標・実績,3-1_RS_2024_効果発現経路_目標・実績.zip,政策所管府省庁,VARCHAR,False,False
tbl_3_1,効果発現経路_目標・実績,3-1_RS_2024_効果発現経路_目標・実績.zip,府省庁,VARCHAR,False,False
tbl_3_1,効果発現経路_目標・実績,3-1_RS_2024_効果発現経路_目標・実績.zip,局・庁,VARCHAR,False,False
tbl_3_1,効果発現経路_目標・実績,3-1_RS_2024_効果発現経路_目標・実績.zip,部,VARCHAR,False,False
tbl_3_1,効果発現経路_目標・実績,3-1_RS_2024_効果発現経路_目標・実績.zip,課,VARCHAR,False,False
tbl_3_1,効果発現経路_目標・実績,3-1_RS_2024_効果発現経路_目標・実績.zip,室,VARCHAR,False,False
tbl_3_1,効果発現経路_目標・実績,3-1_RS_2024_効果発現経路_目標・実績.zip,班,VARCHAR,False,False
tbl_3_1,効果発現経路_目標・実績,3-1_RS_2024_効果発現経路_目標・実績.zip,係,VARCHAR,False,False
tbl_3_1,効果発現経路_目標・実績,3-1_RS_2024_効果発現経路_目標・実績.zip,事業に関連するKPIが定められている閣議決定等の名称,VARCHAR,False,False
tbl_3_1,効果発現経路_目標・実績,3-1_RS_2024_効果発現経路_目標・実績.zip,事業に関連するKPIが定められている閣議決定等の該当箇所,VARCHAR,False,False
tbl_3_1,効果発現経路_目標・実績,3-1_RS_2024_効果発現経路_目標・実績.zip,事業に関連するKPIが定められている閣議決定等のURL,VARCHAR,False,False
tbl_3_1,効果発現経路_目標・実績,3-1_RS_2024_効果発現経路_目標・実績.zip,アクティビティ・アウトプット・アウトカムの番号,DOUBLE,False,False
tbl_3_1,効果発現経路_目標・実績,3-1_RS_2024_効果発現経路_目標・実績.zip,種別（アクティビティ・アウトプット・アウトカム）,VARCHAR,False,False
tbl_3_1,効果発現経路_目標・実績,3-1_RS_2024_効果発現経路_目標・実績.zip,アウトカムの期間,VARCHAR,False,False
tbl_3_1,効果発現経路_目標・実績,3-1_RS_2024_効果発現経路_目標・実績.zip,成果目標の種類,VARCHAR,False,False
tbl_3_1,効果発現経路_目標・実績,3-1_RS_2024_効果発現経路_目標・実績.zip,アクティビティ／活動目標／成果目標,VARCHAR,False,False
tbl_3_1,効果発現経路_目標・実績,3-1_RS_2024_効果発現経路_目標・実績.zip,活動指標／成果指標,VARCHAR,False,False
tbl_3_1,効果発現経路_目標・実績,3-1_RS_2024_効果発現経路_目標・実績.zip,単位,VARCHAR,False,False
tbl_3_1,効果発現経路_目標・実績,3-1_RS_2024_効果発現経路_目標・実績.zip,改善の上向き／下向き,VARCHAR,False,False
tbl_3_1,効果発現経路_目標・実績,3-1_RS_2024_効果発現経路_目標・実績.zip,成果実績及び目標値の根拠として用いた統計・データ名（出典）,VARCHAR,False,False
tbl_3_1,効果発現経路_目標・実績,3-1_RS_2024_効果発現経路_目標・実績.zip,定性的なアウトカム目標を設定している理由,VARCHAR,False,False
tbl_3_1,効果発現経路_目標・実績,3-1_RS_2024_効果発現経路_目標・実績.zip,定性的なアウトカムに関する成果実績,VARCHAR,False,False
tbl_3_1,効果発現経路_目標・実績,3-1_RS_2024_効果発現経路_目標・実績.zip,目標年度／目標値／実績値／達成率,VARCHAR,False,False
tbl_3_1,効果発現経路_目標・実績,3-1_RS_2024_効果発現経路_目標・実績.zip,2007,DOUBLE,False,False
tbl_3_1,効果発現経路_目標・実績,3-1_RS_2024_効果発現経路_目標・実績.zip,2008,DOUBLE,False,False
tbl_3_1,効果発現経路_目標・実績,3-1_RS_2024_効果発現経路_目標・実績.zip,2009,DOUBLE,False,False
tbl_3_1,効果発現経路_目標・実績,3-1_RS_2024_効果発現経路_目標・実績.zip,2010,DOUBLE,False,False
tbl_3_1,効果発現経路_目標・実績,3-1_RS_2024_効果発現経路_目標・実績.zip,2011,DOUBLE,False,False
tbl_3_1,効果発現経路_目標・実績,3-1_RS_2024_効果発現経路_目標・実績.zip,2012,DOUBLE,False,False
tbl_3_1,効果発現経路_目標・実績,3-1_RS_2024_効果発現経路_目標・実績.zip,2013,DOUBLE,False,False
tbl_3_1,効果発現経路_目標・実績,3-1_RS_2024_効果発現経路_目標・実績.zip,2014,DOUBLE,False,False
tbl_3_1,効果発現経路_目標・実績,3-1_RS_2024_効果発現経路_目標・実績.zip,2015,DOUBLE,False,False
tbl_3_1,効果発現経路_目標・実績,3-1_RS_2024_効果発現経路_目標・実績.zip,2016,DOUBLE,False,False
tbl_3_1,効果発現経路_目標・実績,3-1_RS_2024_効果発現経路_目標・実績.zip,2017,DOUBLE,False,False
tbl_3_1,効果発現経路_目標・実績,3-1_RS_2024_効果発現経路_目標・実績.zip,2018,DOUBLE,False,False
tbl_3_1,効果発現経路_目標・実績,3-1_RS_2024_効果発現経路_目標・実績.zip,2019,DOUBLE,False,False
tbl_3_1,効果発現経路_目標・実績,3-1_RS_2024_効果発現経路_目標・実績.zip,2020,DOUBLE,False,False
tbl_3_1,効果発現経路_目標・実績,3-1_RS_2024_効果発現経路_目標・実績.zip,2021,DOUBLE,False,False
tbl_3_1,効果発現経路_目標・実績,3-1_RS_2024_効果発現経路_目標・実績.zip,2022,DOUBLE,False,False
tbl_3_1,効果発現経路_目標・実績,3-1_RS_2024_効果発現経路_目標・実績.zip,2023,DOUBLE,False,False
tbl_3_1,効果発現経路_目標・実績,3-1_RS_2024_効果発現経路_目標・実績.zip,2024,DOUBLE,False,False
tbl_3_1,効果発現経路_目標・実績,3-1_RS_2024_効果発現経路_目標・実績.zip,2025,DOUBLE,False,False
tbl_3_1,効果発現経路_目標・実績,3-1_RS_2024_効果発現経路_目標・実績.zip,2026,DOUBLE,False,False
tbl_3_1,効果発現経路_目標・実績,3-1_RS_2024_効果発現経路_目標・実績.zip,2027,DOUBLE,False,False
tbl_3_1,効果発現経路_目標・実績,3-1_RS_2024_効果発現経路_目標・実績.zip,2028,DOUBLE,False,False
tbl_3_1,効果発現経路_目標・実績,3-1_RS_2024_効果発現経路_目標・実績.zip,2029,DOUBLE,False,False
tbl_3_1,効果発現経路_目標・実績,3-1_RS_2024_効果発現経路_目標・実績.zip,2030,DOUBLE,False,False
tbl_3_1,効果発現経路_目標・実績,3-1_RS_2024_効果発現経路_目標・実績.zip,2031,DOUBLE,False,False
tbl_3_1,効果発現経路_目標・実績,3-1_RS_2024_効果発現経路_目標・実績.zip,2032,DOUBLE,False,False
tbl_3_1,効果発現経路_目標・実績,3-1_RS_2024_効果発現経路_目標・実績.zip,2033,DOUBLE,False,False
tbl_3_1,効果発現経路_目標・実績,3-1_RS_2024_効果発現経路_目標・実績.zip,2034,DOUBLE,False,False
tbl_3_1,効果発現経路_目標・実績,3-1_RS_2024_効果発現経路_目標・実績.zip,2035,DOUBLE,False,False
tbl_3_1,効果発現経路_目標・実績,3-1_RS_2024_効果発現経路_目標・実績.zip,2036,DOUBLE,False,False
tbl_3_1,効果発現経路_目標・実績,3-1_RS_2024_効果発現経路_目標・実績.zip,2037,DOUBLE,False,False
tbl_3_1,効果発現経路_目標・実績,3-1_RS_2024_効果発現経路_目標・実績.zip,2038,DOUBLE,False,False
tbl_3_1,効果発現経路_目標・実績,3-1_RS_2024_効果発現経路_目標・実績.zip,2039,DOUBLE,False,False
tbl_3_1,効果発現経路_目標・実績,3-1_RS_2024_効果発現経路_目標・実績.zip,2040,DOUBLE,False,False
tbl_3_1,効果発現経路_目標・実績,3-1_RS_2024_効果発現経路_目標・実績.zip,2041,DOUBLE,False,False
tbl_3_1,効果発現経路_目標・実績,3-1_RS_2024_効果発現経路_目標・実績.zip,2042,DOUBLE,False,False
tbl_3_1,効果発現経路_目標・実績,3-1_RS_2024_効果発現経路_目標・実績.zip,2043,DOUBLE,False,False
tbl_3_1,効果発現経路_目標・実績,3-1_RS_2024_効果発現経路_目標・実績.zip,2044,DOUBLE,False,False
tbl_3_1,効果発現経路_目標・実績,3-1_RS_2024_効果発現経路_目標・実績.zip,2045,DOUBLE,False,False
tbl_3_1,効果発現経路_目標・実績,3-1_RS_2024_効果発現経路_目標・実績.zip,2046,DOUBLE,False,False
tbl_3_1,効果発現経路_目標・実績,3-1_RS_2024_効果発現経路_目標・実績.zip,2047,DOUBLE,False,False
tbl_3_1,効果発現経路_目標・実績,3-1_RS_2024_効果発現経路_目標・実績.zip,2048,DOUBLE,False,False
tbl_3_1,効果発現経路_目標・実績,3-1_RS_2024_効果発現経路_目標・実績.zip,2049,DOUBLE,False,False
tbl_3_1,効果発現経路_目標・実績,3-1_RS_2024_効果発現経路_目標・実績.zip,2050,DOUBLE,False,False
tbl_3_1,効果発現経路_目標・実績,3-1_RS_2024_効果発現経路_目標・実績.zip,2051,DOUBLE,False,False
tbl_3_1,効果発現経路_目標・実績,3-1_RS_2024_効果発現経路_目標・実績.zip,2052,DOUBLE,False,False
tbl_3_1,効果発現経路_目標・実績,3-1_RS_2024_効果発現経路_目標・実績.zip,2053,DOUBLE,False,False
tbl_3_1,効果発現経路_目標・実績,3-1_RS_2024_効果発現経路_目標・実績.zip,2054,DOUBLE,False,False
tbl_3_1,効果発現経路_目標・実績,3-1_RS_2024_効果発現経路_目標・実績.zip,2055,DOUBLE,False,False
tbl_3_1,効果発現経路_目標・実績,3-1_RS_2024_効果発現経路_目標・実績.zip,2056,DOUBLE,False,False
tbl_3_1,効果発現経路_目標・実績,3-1_RS_2024_効果発現経路_目標・実績.zip,2057,DOUBLE,False,False
tbl_3_1,効果発現経路_目標・実績,3-1_RS_2024_効果発現経路_目標・実績.zip,2058,DOUBLE,False,False
tbl_3_1,効果発現経路_目標・実績,3-1_RS_2024_効果発現経路_目標・実績.zip,2059,DOUBLE,False,False
tbl_3_1,効果発現経路_目標・実績,3-1_RS_2024_効果発現経路_目標・実績.zip,2060,DOUBLE,False,False
tbl_3_2,効果発現経路_目標のつながり,3-2_RS_2024_効果発現経路_目標のつながり.zip,シート種別,VARCHAR,False,False
tbl_3_2,効果発現経路_目標のつながり,3-2_RS_2024_効果発現経路_目標のつながり.zip,事業年度,BIGINT,False,False
tbl_3_2,効果発現経路_目標のつながり,3-2_RS_2024_効果発現経路_目標のつながり.zip,予算事業ID,BIGINT,False,False
tbl_3_2,効果発現経路_目標のつながり,3-2_RS_2024_効果発現経路_目標のつながり.zip,事業名,VARCHAR,False,False
tbl_3_2,効果発現経路_目標のつながり,3-2_RS_2024_効果発現経路_目標のつながり.zip,府省庁の建制順,BIGINT,False,False
tbl_3_2,効果発現経路_目標のつながり,3-2_RS_2024_効果発現経路_目標のつながり.zip,政策所管府省庁,VARCHAR,False,False
tbl_3_2,効果発現経路_目標のつながり,3-2_RS_2024_効果発現経路_目標のつながり.zip,府省庁,VARCHAR,False,False
tbl_3_2,効果発現経路_目標のつながり,3-2_RS_2024_効果発現経路_目標のつながり.zip,局・庁,VARCHAR,False,False
tbl_3_2,効果発現経路_目標のつながり,3-2_RS_2024_効果発現経路_目標のつながり.zip,部,VARCHAR,False,False
tbl_3_2,効果発現経路_目標のつながり,3-2_RS_2024_効果発現経路_目標のつながり.zip,課,VARCHAR,False,False
tbl_3_2,効果発現経路_目標のつながり,3-2_RS_2024_効果発現経路_目標のつながり.zip,室,VARCHAR,False,False
tbl_3_2,効果発現経路_目標のつながり,3-2_RS_2024_効果発現経路_目標のつながり.zip,班,VARCHAR,False,False
tbl_3_2,効果発現経路_目標のつながり,3-2_RS_2024_効果発現経路_目標のつながり.zip,係,VARCHAR,False,False
tbl_3_2,効果発現経路_目標のつながり,3-2_RS_2024_効果発現経路_目標のつながり.zip,派生元ーアクティビティ・アウトプット・アウトカムの番号,DOUBLE,False,False
tbl_3_2,効果発現経路_目標のつながり,3-2_RS_2024_効果発現経路_目標のつながり.zip,派生元ー種別（アクティビティ・アウトプット・アウトカム）,VARCHAR,False,False
tbl_3_2,効果発現経路_目標のつながり,3-2_RS_2024_効果発現経路_目標のつながり.zip,派生元ーアウトカムの期間,VARCHAR,False,False
tbl_3_2,効果発現経路_目標のつながり,3-2_RS_2024_効果発現経路_目標のつながり.zip,派生元ーアクティビティの内容/ 活動目標／成果目標,VARCHAR,False,False
tbl_3_2,効果発現経路_目標のつながり,3-2_RS_2024_効果発現経路_目標のつながり.zip,派生先ーアクティビティ・アウトプット・アウトカムの番号,DOUBLE,False,False
tbl_3_2,効果発現経路_目標のつながり,3-2_RS_2024_効果発現経路_目標のつながり.zip,派生先ー種別（アクティビティ・アウトプット・アウトカム）,VARCHAR,False,False
tbl_3_2,効果発現経路_目標のつながり,3-2_RS_2024_効果発現経路_目標のつながり.zip,派生先ーアウトカムの期間,VARCHAR,False,False
tbl_3_2,効果発現経路_目標のつながり,3-2_RS_2024_効果発現経路_目標のつながり.zip,派生先ー 活動目標／成果目標,VARCHAR,False,False
tbl_3_2,効果発現経路_目標のつながり,3-2_RS_2024_効果発現経路_目標のつながり.zip,後続アウトカムへのつながり,VARCHAR,False,False
tbl_3_2,効果発現経路_目標のつながり,3-2_RS_2024_効果発現経路_目標のつながり.zip,アウトカムを複数段階で設定できない理由,VARCHAR,False,False
tbl_4_1,点検・評価,4-1_RS_2024_点検・評価.zip,シート種別,VARCHAR,False,False
tbl_4_1,点検・評価,4-1_RS_2024_点検・評価.zip,事業年度,BIGINT,False,False
tbl_4_1,点検・評価,4-1_RS_2024_点検・評価.zip,予算事業ID,BIGINT,False,False
tbl_4_1,点検・評価,4-1_RS_2024_点検・評価.zip,事業名,VARCHAR,False,False
tbl_4_1,点検・評価,4-1_RS_2024_点検・評価.zip,府省庁の建制順,BIGINT,False,False
tbl_4_1,点検・評価,4-1_RS_2024_点検・評価.zip,政策所管府省庁,VARCHAR,False,False
tbl_4_1,点検・評価,4-1_RS_2024_点検・評価.zip,府省庁,VARCHAR,False,False
tbl_4_1,点検・評価,4-1_RS_2024_点検・評価.zip,局・庁,VARCHAR,False,False
tbl_4_1,点検・評価,4-1_RS_2024_点検・評価.zip,部,VARCHAR,False,False
tbl_4_1,点検・評価,4-1_RS_2024_点検・評価.zip,課,VARCHAR,False,False
tbl_4_1,点検・評価,4-1_RS_2024_点検・評価.zip,室,VARCHAR,False,False
tbl_4_1,点検・評価,4-1_RS_2024_点検・評価.zip,班,VARCHAR,False,False
tbl_4_1,点検・評価,4-1_RS_2024_点検・評価.zip,係,VARCHAR,False,False
tbl_4_1,点検・評価,4-1_RS_2024_点検・評価.zip,事業所管部局による点検・改善ー点検結果,VARCHAR,False,False
tbl_4_1,点検・評価,4-1_RS_2024_点検・評価.zip,事業所管部局による点検・改善ー改善の方向性,VARCHAR,False,False
tbl_4_1,点検・評価,4-1_RS_2024_点検・評価.zip,事業所管部局による点検・改善－目標年度における効果測定に関する評価,VARCHAR,False,False
tbl_4_1,点検・評価,4-1_RS_2024_点検・評価.zip,外部有識者による点検ー最終実施年度,DOUBLE,False,False
tbl_4_1,点検・評価,4-1_RS_2024_点検・評価.zip,外部有識者による点検ー点検対象,VARCHAR,False,False
tbl_4_1,点検・評価,4-1_RS_2024_点検・評価.zip,外部有識者による点検ー対象の理由,VARCHAR,False,False
tbl_4_1,点検・評価,4-1_RS_2024_点検・評価.zip,外部有識者による点検ー所見,VARCHAR,False,False
tbl_4_1,点検・評価,4-1_RS_2024_点検・評価.zip,公開プロセス結果概要,VARCHAR,False,False
tbl_4_1,点検・評価,4-1_RS_2024_点検・評価.zip,行政事業レビュー推進チームの所見,VARCHAR,False,False
tbl_4_1,点検・評価,4-1_RS_2024_点検・評価.zip,行政事業レビュー推進チームの所見の詳細,VARCHAR,False,False
tbl_4_1,点検・評価,4-1_RS_2024_点検・評価.zip,所見を踏まえた改善点／概算要求における反映状況,VARCHAR,False,False
tbl_4_1,点検・評価,4-1_RS_2024_点検・評価.zip,所見を踏まえた改善点／概算要求における反映状況の詳細,VARCHAR,False,False
tbl_4_1,点検・評価,4-1_RS_2024_点検・評価.zip,反映額（一般会計）,DOUBLE,False,False
tbl_4_1,点検・評価,4-1_RS_2024_点検・評価.zip,反映額（特別会計）－会計,VARCHAR,False,False
tbl_4_1,点検・評価,4-1_RS_2024_点検・評価.zip,反映額（特別会計）－勘定,VARCHAR,False,False
tbl_4_1,点検・評価,4-1_RS_2024_点検・評価.zip,反映額（特別会計）－反映額,DOUBLE,False,False
tbl_4_1,点検・評価,4-1_RS_2024_点検・評価.zip,過去に受けた指摘事項－区分,VARCHAR,False,False
tbl_4_1,点検・評価,4-1_RS_2024_点検・評価.zip,過去に受けた指摘事項－取りまとめ年度,DOUBLE,False,False
tbl_4_1,点検・評価,4-1_RS_2024_点検・評価.zip,過去に受けた指摘事項－取りまとめ内容,VARCHAR,False,False
tbl_4_1,点検・評価,4-1_RS_2024_点検・評価.zip,過去に受けた指摘事項－対応状況,VARCHAR,False,False
tbl_4_1,点検・評価,4-1_RS_2024_点検・評価.zip,その他の指摘事項－調査等の名称,VARCHAR,False,False
tbl_4_1,点検・評価,4-1_RS_2024_点検・評価.zip,その他の指摘事項－指摘年度,DOUBLE,False,False
tbl_4_1,点検・評価,4-1_RS_2024_点検・評価.zip,その他の指摘事項－指摘内容,VARCHAR,False,False
tbl_4_1,点検・評価,4-1_RS_2024_点検・評価.zip,その他の指摘事項－対応状況,VARCHAR,False,False
tbl_5_1,支出先_支出情報,5-1_RS_2024_支出先_支出情報.zip,シート種別,VARCHAR,False,False
tbl_5_1,支出先_支出情報,5-1_RS_2024_支出先_支出情報.zip,事業年度,BIGINT,False,False
tbl_5_1,支出先_支出情報,5-1_RS_2024_支出先_支出情報.zip,予算事業ID,BIGINT,False,False
tbl_5_1,支出先_支出情報,5-1_RS_2024_支出先_支出情報.zip,事業名,VARCHAR,False,False
tbl_5_1,支出先_支出情報,5-1_RS_2024_支出先_支出情報.zip,府省庁の建制順,BIGINT,False,False
tbl_5_1,支出先_支出情報,5-1_RS_2024_支出先_支出情報.zip,政策所管府省庁,VARCHAR,False,False
tbl_5_1,支出先_支出情報,5-1_RS_2024_支出先_支出情報.zip,府省庁,VARCHAR,False,False
tbl_5_1,支出先_支出情報,5-1_RS_2024_支出先_支出情報.zip,局・庁,VARCHAR,False,False
tbl_5_1,支出先_支出情報,5-1_RS_2024_支出先_支出情報.zip,部,VARCHAR,False,False
tbl_5_1,支出先_支出情報,5-1_RS_2024_支出先_支出情報.zip,課,VARCHAR,False,False
tbl_5_1,支出先_支出情報,5-1_RS_2024_支出先_支出情報.zip,室,VARCHAR,False,False
tbl_5_1,支出先_支出情報,5-1_RS_2024_支出先_支出情報.zip,班,VARCHAR,False,False
tbl_5_1,支出先_支出情報,5-1_RS_2024_支出先_支出情報.zip,係,VARCHAR,False,False
tbl_5_1,支出先_支出情報,5-1_RS_2024_支出先_支出情報.zip,支出先ブロック番号,VARCHAR,False,False
tbl_5_1,支出先_支出情報,5-1_RS_2024_支出先_支出情報.zip,支出先ブロック名,VARCHAR,False,False
tbl_5_1,支出先_支出情報,5-1_RS_2024_支出先_支出情報.zip,支出先の数,DOUBLE,False,False
tbl_5_1,支出先_支出情報,5-1_RS_2024_支出先_支出情報.zip,事業を行う上での役割,VARCHAR,False,False
tbl_5_1,支出先_支出情報,5-1_RS_2024_支出先_支出情報.zip,ブロックの合計支出額,DOUBLE,False,False
tbl_5_1,支出先_支出情報,5-1_RS_2024_支出先_支出情報.zip,支出先名,VARCHAR,False,False
tbl_5_1,支出先_支出情報,5-1_RS_2024_支出先_支出情報.zip,法人番号,DOUBLE,False,False
tbl_5_1,支出先_支出情報,5-1_RS_2024_支出先_支出情報.zip,所在地,VARCHAR,False,False
tbl_5_1,支出先_支出情報,5-1_RS_2024_支出先_支出情報.zip,法人種別,DOUBLE,False,False
tbl_5_1,支出先_支出情報,5-1_RS_2024_支出先_支出情報.zip,その他支出先,BOOLEAN,False,False
tbl_5_1,支出先_支出情報,5-1_RS_2024_支出先_支出情報.zip,支出先の合計支出額,DOUBLE,False,False
tbl_5_1,支出先_支出情報,5-1_RS_2024_支出先_支出情報.zip,契約概要,VARCHAR,False,False
tbl_5_1,支出先_支出情報,5-1_RS_2024_支出先_支出情報.zip,金額,DOUBLE,False,False
tbl_5_1,支出先_支出情報,5-1_RS_2024_支出先_支出情報.zip,契約方式等,VARCHAR,False,False
tbl_5_1,支出先_支出情報,5-1_RS_2024_支出先_支出情報.zip,具体的な契約方式等,VARCHAR,False,False
tbl_5_1,支出先_支出情報,5-1_RS_2024_支出先_支出情報.zip,入札者数,DOUBLE,False,False
tbl_5_1,支出先_支出情報,5-1_RS_2024_支出先_支出情報.zip,落札率,DOUBLE,False,False
tbl_5_1,支出先_支出情報,5-1_RS_2024_支出先_支出情報.zip,一者応札・一者応募又は競争性のない随意契約となった理由及び改善策（支出額10億円以上）,VARCHAR,False,False
tbl_5_1,支出先_支出情報,5-1_RS_2024_支出先_支出情報.zip,その他の契約,BOOLEAN,False,False
tbl_5_1_details,支出先_支出情報_明細,5-1_RS_2024_支出先_支出情報.zip,シート種別,VARCHAR,False,False
tbl_5_1_details,支出先_支出情報_明細,5-1_RS_2024_支出先_支出情報.zip,事業年度,BIGINT,False,False
tbl_5_1_details,支出先_支出情報_明細,5-1_RS_2024_支出先_支出情報.zip,予算事業ID,BIGINT,False,False
tbl_5_1_details,支出先_支出情報_明細,5-1_RS_2024_支出先_支出情報.zip,事業名,VARCHAR,False,False
tbl_5_1_details,支出先_支出情報_明細,5-1_RS_2024_支出先_支出情報.zip,府省庁の建制順,BIGINT,False,False
tbl_5_1_details,支出先_支出情報_明細,5-1_RS_2024_支出先_支出情報.zip,政策所管府省庁,VARCHAR,False,False
tbl_5_1_details,支出先_支出情報_明細,5-1_RS_2024_支出先_支出情報.zip,府省庁,VARCHAR,False,False
tbl_5_1_details,支出先_支出情報_明細,5-1_RS_2024_支出先_支出情報.zip,局・庁,VARCHAR,False,False
tbl_5_1_details,支出先_支出情報_明細,5-1_RS_2024_支出先_支出情報.zip,部,VARCHAR,False,False
tbl_5_1_details,支出先_支出情報_明細,5-1_RS_2024_支出先_支出情報.zip,課,VARCHAR,False,False
tbl_5_1_details,支出先_支出情報_明細,5-1_RS_2024_支出先_支出情報.zip,室,VARCHAR,False,False
tbl_5_1_details,支出先_支出情報_明細,5-1_RS_2024_支出先_支出情報.zip,班,VARCHAR,False,False
tbl_5_1_details,支出先_支出情報_明細,5-1_RS_2024_支出先_支出情報.zip,係,VARCHAR,False,False
tbl_5_1_details,支出先_支出情報_明細,5-1_RS_2024_支出先_支出情報.zip,支出先ブロック番号,VARCHAR,False,False
tbl_5_1_details,支出先_支出情報_明細,5-1_RS_2024_支出先_支出情報.zip,支出先ブロック名,INTEGER,False,False
tbl_5_1_details,支出先_支出情報_明細,5-1_RS_2024_支出先_支出情報.zip,支出先の数,DOUBLE,False,False
tbl_5_1_details,支出先_支出情報_明細,5-1_RS_2024_支出先_支出情報.zip,事業を行う上での役割,INTEGER,False,False
tbl_5_1_details,支出先_支出情報_明細,5-1_RS_2024_支出先_支出情報.zip,ブロックの合計支出額,DOUBLE,False,False
tbl_5_1_details,支出先_支出情報_明細,5-1_RS_2024_支出先_支出情報.zip,支出先名,VARCHAR,False,False
tbl_5_1_details,支出先_支出情報_明細,5-1_RS_2024_支出先_支出情報.zip,法人番号,DOUBLE,False,False
tbl_5_1_details,支出先_支出情報_明細,5-1_RS_2024_支出先_支出情報.zip,所在地,VARCHAR,False,False
tbl_5_1_details,支出先_支出情報_明細,5-1_RS_2024_支出先_支出情報.zip,法人種別,DOUBLE,False,False
tbl_5_1_details,支出先_支出情報_明細,5-1_RS_2024_支出先_支出情報.zip,その他支出先,BOOLEAN,False,False
tbl_5_1_details,支出先_支出情報_明細,5-1_RS_2024_支出先_支出情報.zip,支出先の合計支出額,DOUBLE,False,False
tbl_5_1_details,支出先_支出情報_明細,5-1_RS_2024_支出先_支出情報.zip,契約概要,VARCHAR,False,False
tbl_5_1_details,支出先_支出情報_明細,5-1_RS_2024_支出先_支出情報.zip,金額,DOUBLE,False,False
tbl_5_1_details,支出先_支出情報_明細,5-1_RS_2024_支出先_支出情報.zip,契約方式等,VARCHAR,False,False
tbl_5_1_details,支出先_支出情報_明細,5-1_RS_2024_支出先_支出情報.zip,具体的な契約方式等,VARCHAR,False,False
tbl_5_1_details,支出先_支出情報_明細,5-1_RS_2024_支出先_支出情報.zip,入札者数,DOUBLE,False,False
tbl_5_1_details,支出先_支出情報_明細,5-1_RS_2024_支出先_支出情報.zip,落札率,DOUBLE,False,False
tbl_5_1_details,支出先_支出情報_明細,5-1_RS_2024_支出先_支出情報.zip,一者応札・一者応募又は競争性のない随意契約となった理由及び改善策（支出額10億円以上）,VARCHAR,False,False
tbl_5_1_details,支出先_支出情報_明細,5-1_RS_2024_支出先_支出情報.zip,その他の契約,BOOLEAN,False,False
tbl_5_1_summary,支出先_支出情報_サマリー,5-1_RS_2024_支出先_支出情報.zip,シート種別,VARCHAR,False,False
tbl_5_1_summary,支出先_支出情報_サマリー,5-1_RS_2024_支出先_支出情報.zip,事業年度,BIGINT,False,False
tbl_5_1_summary,支出先_支出情報_サマリー,5-1_RS_2024_支出先_支出情報.zip,予算事業ID,BIGINT,False,False
tbl_5_1_summary,支出先_支出情報_サマリー,5-1_RS_2024_支出先_支出情報.zip,事業名,VARCHAR,False,False
tbl_5_1_summary,支出先_支出情報_サマリー,5-1_RS_2024_支出先_支出情報.zip,府省庁の建制順,BIGINT,False,False
tbl_5_1_summary,支出先_支出情報_サマリー,5-1_RS_2024_支出先_支出情報.zip,政策所管府省庁,VARCHAR,False,False
tbl_5_1_summary,支出先_支出情報_サマリー,5-1_RS_2024_支出先_支出情報.zip,府省庁,VARCHAR,False,False
tbl_5_1_summary,支出先_支出情報_サマリー,5-1_RS_2024_支出先_支出情報.zip,局・庁,VARCHAR,False,False
tbl_5_1_summary,支出先_支出情報_サマリー,5-1_RS_2024_支出先_支出情報.zip,部,VARCHAR,False,False
tbl_5_1_summary,支出先_支出情報_サマリー,5-1_RS_2024_支出先_支出情報.zip,課,VARCHAR,False,False
tbl_5_1_summary,支出先_支出情報_サマリー,5-1_RS_2024_支出先_支出情報.zip,室,VARCHAR,False,False
tbl_5_1_summary,支出先_支出情報_サマリー,5-1_RS_2024_支出先_支出情報.zip,班,VARCHAR,False,False
tbl_5_1_summary,支出先_支出情報_サマリー,5-1_RS_2024_支出先_支出情報.zip,係,VARCHAR,False,False
tbl_5_1_summary,支出先_支出情報_サマリー,5-1_RS_2024_支出先_支出情報.zip,支出先ブロック番号,VARCHAR,False,False
tbl_5_1_summary,支出先_支出情報_サマリー,5-1_RS_2024_支出先_支出情報.zip,支出先ブロック名,VARCHAR,False,False
tbl_5_1_summary,支出先_支出情報_サマリー,5-1_RS_2024_支出先_支出情報.zip,支出先の数,DOUBLE,False,False
tbl_5_1_summary,支出先_支出情報_サマリー,5-1_RS_2024_支出先_支出情報.zip,事業を行う上での役割,VARCHAR,False,False
tbl_5_1_summary,支出先_支出情報_サマリー,5-1_RS_2024_支出先_支出情報.zip,ブロックの合計支出額,DOUBLE,False,False
tbl_5_1_summary,支出先_支出情報_サマリー,5-1_RS_2024_支出先_支出情報.zip,支出先名,VARCHAR,False,False
tbl_5_1_summary,支出先_支出情報_サマリー,5-1_RS_2024_支出先_支出情報.zip,法人番号,DOUBLE,False,False
tbl_5_1_summary,支出先_支出情報_サマリー,5-1_RS_2024_支出先_支出情報.zip,所在地,VARCHAR,False,False
tbl_5_1_summary,支出先_支出情報_サマリー,5-1_RS_2024_支出先_支出情報.zip,法人種別,DOUBLE,False,False
tbl_5_1_summary,支出先_支出情報_サマリー,5-1_RS_2024_支出先_支出情報.zip,その他支出先,BOOLEAN,False,False
tbl_5_1_summary,支出先_支出情報_サマリー,5-1_RS_2024_支出先_支出情報.zip,支出先の合計支出額,DOUBLE,False,False
tbl_5_1_summary,支出先_支出情報_サマリー,5-1_RS_2024_支出先_支出情報.zip,契約概要,INTEGER,False,False
tbl_5_1_summary,支出先_支出情報_サマリー,5-1_RS_2024_支出先_支出情報.zip,金額,DOUBLE,False,False
tbl_5_1_summary,支出先_支出情報_サマリー,5-1_RS_2024_支出先_支出情報.zip,契約方式等,INTEGER,False,False
tbl_5_1_summary,支出先_支出情報_サマリー,5-1_RS_2024_支出先_支出情報.zip,具体的な契約方式等,INTEGER,False,False
tbl_5_1_summary,支出先_支出情報_サマリー,5-1_RS_2024_支出先_支出情報.zip,入札者数,DOUBLE,False,False
tbl_5_1_summary,支出先_支出情報_サマリー,5-1_RS_2024_支出先_支出情報.zip,落札率,DOUBLE,False,False
tbl_5_1_summary,支出先_支出情報_サマリー,5-1_RS_2024_支出先_支出情報.zip,一者応札・一者応募又は競争性のない随意契約となった理由及び改善策（支出額10億円以上）,INTEGER,False,False
tbl_5_1_summary,支出先_支出情報_サマリー,5-1_RS_2024_支出先_支出情報.zip,その他の契約,INTEGER,False,False
tbl_5_2,支出先_支出ブロックのつながり,5-2_RS_2024_支出先_支出ブロックのつながり.zip,シート種別,VARCHAR,False,False
tbl_5_2,支出先_支出ブロックのつながり,5-2_RS_2024_支出先_支出ブロックのつながり.zip,事業年度,BIGINT,False,False
tbl_5_2,支出先_支出ブロックのつながり,5-2_RS_2024_支出先_支出ブロックのつながり.zip,予算事業ID,BIGINT,False,False
tbl_5_2,支出先_支出ブロックのつながり,5-2_RS_2024_支出先_支出ブロックのつながり.zip,事業名,VARCHAR,False,False
tbl_5_2,支出先_支出ブロックのつながり,5-2_RS_2024_支出先_支出ブロックのつながり.zip,府省庁の建制順,BIGINT,False,False
tbl_5_2,支出先_支出ブロックのつながり,5-2_RS_2024_支出先_支出ブロックのつながり.zip,政策所管府省庁,VARCHAR,False,False
tbl_5_2,支出先_支出ブロックのつながり,5-2_RS_2024_支出先_支出ブロックのつながり.zip,府省庁,VARCHAR,False,False
tbl_5_2,支出先_支出ブロックのつながり,5-2_RS_2024_支出先_支出ブロックのつながり.zip,局・庁,VARCHAR,False,False
tbl_5_2,支出先_支出ブロックのつながり,5-2_RS_2024_支出先_支出ブロックのつながり.zip,部,VARCHAR,False,False
tbl_5_2,支出先_支出ブロックのつながり,5-2_RS_2024_支出先_支出ブロックのつながり.zip,課,VARCHAR,False,False
tbl_5_2,支出先_支出ブロックのつながり,5-2_RS_2024_支出先_支出ブロックのつながり.zip,室,VARCHAR,False,False
tbl_5_2,支出先_支出ブロックのつながり,5-2_RS_2024_支出先_支出ブロックのつながり.zip,班,VARCHAR,False,False
tbl_5_2,支出先_支出ブロックのつながり,5-2_RS_2024_支出先_支出ブロックのつながり.zip,係,VARCHAR,False,False
tbl_5_2,支出先_支出ブロックのつながり,5-2_RS_2024_支出先_支出ブロックのつながり.zip,支出元の支出先ブロック,VARCHAR,False,False
tbl_5_2,支出先_支出ブロックのつながり,5-2_RS_2024_支出先_支出ブロックのつながり.zip,支出元の支出先ブロック名,VARCHAR,False,False
tbl_5_2,支出先_支出ブロックのつながり,5-2_RS_2024_支出先_支出ブロックのつながり.zip,担当組織からの支出,BOOLEAN,False,False
tbl_5_2,支出先_支出ブロックのつながり,5-2_RS_2024_支出先_支出ブロックのつながり.zip,支出先の支出先ブロック,VARCHAR,False,False
tbl_5_2,支出先_支出ブロックのつながり,5-2_RS_2024_支出先_支出ブロックのつながり.zip,支出先の支出先ブロック名,VARCHAR,False,False
tbl_5_2,支出先_支出ブロックのつながり,5-2_RS_2024_支出先_支出ブロックのつながり.zip,資金の流れの補足情報,VARCHAR,False,False
tbl_5_2,支出先_支出ブロックのつながり,5-2_RS_2024_支出先_支出ブロックのつながり.zip,国自らが支出する間接経費,VARCHAR,False,False
tbl_5_2,支出先_支出ブロックのつながり,5-2_RS_2024_支出先_支出ブロックのつながり.zip,国自らが支出する間接経費の項目,VARCHAR,False,False
tbl_5_2,支出先_支出ブロックのつながり,5-2_RS_2024_支出先_支出ブロックのつながり.zip,国自らが支出する間接経費の金額,DOUBLE,False,False
tbl_5_3,支出先_費目・使途,5-3_RS_2024_支出先_費目・使途.zip,シート種別,VARCHAR,False,False
tbl_5_3,支出先_費目・使途,5-3_RS_2024_支出先_費目・使途.zip,事業年度,BIGINT,False,False
tbl_5_3,支出先_費目・使途,5-3_RS_2024_支出先_費目・使途.zip,予算事業ID,BIGINT,False,False
tbl_5_3,支出先_費目・使途,5-3_RS_2024_支出先_費目・使途.zip,事業名,VARCHAR,False,False
tbl_5_3,支出先_費目・使途,5-3_RS_2024_支出先_費目・使途.zip,府省庁の建制順,BIGINT,False,False
tbl_5_3,支出先_費目・使途,5-3_RS_2024_支出先_費目・使途.zip,政策所管府省庁,VARCHAR,False,False
tbl_5_3,支出先_費目・使途,5-3_RS_2024_支出先_費目・使途.zip,府省庁,VARCHAR,False,False
tbl_5_3,支出先_費目・使途,5-3_RS_2024_支出先_費目・使途.zip,局・庁,VARCHAR,False,False
tbl_5_3,支出先_費目・使途,5-3_RS_2024_支出先_費目・使途.zip,部,VARCHAR,False,False
tbl_5_3,支出先_費目・使途,5-3_RS_2024_支出先_費目・使途.zip,課,VARCHAR,False,False
tbl_5_3,支出先_費目・使途,5-3_RS_2024_支出先_費目・使途.zip,室,VARCHAR,False,False
tbl_5_3,支出先_費目・使途,5-3_RS_2024_支出先_費目・使途.zip,班,VARCHAR,False,False
tbl_5_3,支出先_費目・使途,5-3_RS_2024_支出先_費目・使途.zip,係,VARCHAR,False,False
tbl_5_3,支出先_費目・使途,5-3_RS_2024_支出先_費目・使途.zip,支出先ブロック番号,VARCHAR,False,False
tbl_5_3,支出先_費目・使途,5-3_RS_2024_支出先_費目・使途.zip,支出先名,VARCHAR,False,False
tbl_5_3,支出先_費目・使途,5-3_RS_2024_支出先_費目・使途.zip,法人番号,DOUBLE,False,False
tbl_5_3,支出先_費目・使途,5-3_RS_2024_支出先_費目・使途.zip,契約概要,VARCHAR,False,False
tbl_5_3,支出先_費目・使途,5-3_RS_2024_支出先_費目・使途.zip,費目,VARCHAR,False,False
tbl_5_3,支出先_費目・使途,5-3_RS_2024_支出先_費目・使途.zip,使途,VARCHAR,False,False
tbl_5_3,支出先_費目・使途,5-3_RS_2024_支出先_費目・使途.zip,金額,DOUBLE,False,False
tbl_5_4,支出先_国庫債務負担行為等による契約,5-4_RS_2024_支出先_国庫債務負担行為等による契約.zip,シート種別,VARCHAR,False,False
tbl_5_4,支出先_国庫債務負担行為等による契約,5-4_RS_2024_支出先_国庫債務負担行為等による契約.zip,事業年度,BIGINT,False,False
tbl_5_4,支出先_国庫債務負担行為等による契約,5-4_RS_2024_支出先_国庫債務負担行為等による契約.zip,予算事業ID,BIGINT,False,False
tbl_5_4,支出先_国庫債務負担行為等による契約,5-4_RS_2024_支出先_国庫債務負担行為等による契約.zip,事業名,VARCHAR,False,False
tbl_5_4,支出先_国庫債務負担行為等による契約,5-4_RS_2024_支出先_国庫債務負担行為等による契約.zip,府省庁の建制順,BIGINT,False,False
tbl_5_4,支出先_国庫債務負担行為等による契約,5-4_RS_2024_支出先_国庫債務負担行為等による契約.zip,政策所管府省庁,VARCHAR,False,False
tbl_5_4,支出先_国庫債務負担行為等による契約,5-4_RS_2024_支出先_国庫債務負担行為等による契約.zip,府省庁,VARCHAR,False,False
tbl_5_4,支出先_国庫債務負担行為等による契約,5-4_RS_2024_支出先_国庫債務負担行為等による契約.zip,局・庁,VARCHAR,False,False
tbl_5_4,支出先_国庫債務負担行為等による契約,5-4_RS_2024_支出先_国庫債務負担行為等による契約.zip,部,VARCHAR,False,False
tbl_5_4,支出先_国庫債務負担行為等による契約,5-4_RS_2024_支出先_国庫債務負担行為等による契約.zip,課,VARCHAR,False,False
tbl_5_4,支出先_国庫債務負担行為等による契約,5-4_RS_2024_支出先_国庫債務負担行為等による契約.zip,室,VARCHAR,False,False
tbl_5_4,支出先_国庫債務負担行為等による契約,5-4_RS_2024_支出先_国庫債務負担行為等による契約.zip,班,VARCHAR,False,False
tbl_5_4,支出先_国庫債務負担行為等による契約,5-4_RS_2024_支出先_国庫債務負担行為等による契約.zip,係,VARCHAR,False,False
tbl_5_4,支出先_国庫債務負担行為等による契約,5-4_RS_2024_支出先_国庫債務負担行為等による契約.zip,支出先ブロック（国庫債務負担行為等による契約）,VARCHAR,False,False
tbl_5_4,支出先_国庫債務負担行為等による契約,5-4_RS_2024_支出先_国庫債務負担行為等による契約.zip,契約先名（国庫債務負担行為等による契約）,VARCHAR,False,False
tbl_5_4,支出先_国庫債務負担行為等による契約,5-4_RS_2024_支出先_国庫債務負担行為等による契約.zip,契約先の法人番号（国庫債務負担行為等による契約）,DOUBLE,False,False
tbl_5_4,支出先_国庫債務負担行為等による契約,5-4_RS_2024_支出先_国庫債務負担行為等による契約.zip,契約先の所在地（国庫債務負担行為等による契約）,VARCHAR,False,False
tbl_5_4,支出先_国庫債務負担行為等による契約,5-4_RS_2024_支出先_国庫債務負担行為等による契約.zip,契約先の法人種別（国庫債務負担行為等による契約）,DOUBLE,False,False
tbl_5_4,支出先_国庫債務負担行為等による契約,5-4_RS_2024_支出先_国庫債務負担行為等による契約.zip,契約概要（契約名）（国庫債務負担行為等による契約）,VARCHAR,False,False
tbl_5_4,支出先_国庫債務負担行為等による契約,5-4_RS_2024_支出先_国庫債務負担行為等による契約.zip,その他の契約,VARCHAR,False,False
tbl_5_4,支出先_国庫債務負担行為等による契約,5-4_RS_2024_支出先_国庫債務負担行為等による契約.zip,契約額（国庫債務負担行為等による契約）,DOUBLE,False,False
tbl_5_4,支出先_国庫債務負担行為等による契約,5-4_RS_2024_支出先_国庫債務負担行為等による契約.zip,契約方式等（国庫債務負担行為等による契約）,VARCHAR,False,False
tbl_5_4,支出先_国庫債務負担行為等による契約,5-4_RS_2024_支出先_国庫債務負担行為等による契約.zip,具体的な契約方式等（国庫債務負担行為等による契約）,VARCHAR,False,False
tbl_5_4,支出先_国庫債務負担行為等による契約,5-4_RS_2024_支出先_国庫債務負担行為等による契約.zip,入札者数（応募者数）（国庫債務負担行為等による契約）,DOUBLE,False,False
tbl_5_4,支出先_国庫債務負担行為等による契約,5-4_RS_2024_支出先_国庫債務負担行為等による契約.zip,落札率（％）（国庫債務負担行為等による契約）,DOUBLE,False,False
tbl_5_4,支出先_国庫債務負担行為等による契約,5-4_RS_2024_支出先_国庫債務負担行為等による契約.zip,一者応札・一者応募又は競争性のない随意契約となった理由及び改善策（契約額10億円以上）（国庫債務負担行為等による契約）,VARCHAR,False,False
tbl_5_4,支出先_国庫債務負担行為等による契約,5-4_RS_2024_支出先_国庫債務負担行為等による契約.zip,その他の契約（国庫債務負担行為等による契約）,VARCHAR,False,False
tbl_6_1,その他備考,6-1_RS_2024_その他備考.zip,シート種別,VARCHAR,False,False
tbl_6_1,その他備考,6-1_RS_2024_その他備考.zip,事業年度,BIGINT,False,False
tbl_6_1,その他備考,6-1_RS_2024_その他備考.zip,予算事業ID,BIGINT,False,False
tbl_6_1,その他備考,6-1_RS_2024_その他備考.zip,事業名,VARCHAR,False,False
tbl_6_1,その他備考,6-1_RS_2024_その他備考.zip,府省庁の建制順,BIGINT,False,False
tbl_6_1,その他備考,6-1_RS_2024_その他備考.zip,政策所管府省庁,VARCHAR,False,False
tbl_6_1,その他備考,6-1_RS_2024_その他備考.zip,府省庁,VARCHAR,False,False
tbl_6_1,その他備考,6-1_RS_2024_その他備考.zip,局・庁,VARCHAR,False,False
tbl_6_1,その他備考,6-1_RS_2024_その他備考.zip,部,VARCHAR,False,False
tbl_6_1,その他備考,6-1_RS_2024_その他備考.zip,課,VARCHAR,False,False
tbl_6_1,その他備考,6-1_RS_2024_その他備考.zip,室,VARCHAR,False,False
tbl_6_1,その他備考,6-1_RS_2024_その他備考.zip,班,VARCHAR,False,False
tbl_6_1,その他備考,6-1_RS_2024_その他備考.zip,係,VARCHAR,False,False
tbl_6_1,その他備考,6-1_RS_2024_その他備考.zip,備考,VARCHAR,False,False
